design_id,seq_id,group,sequence,mutations,n_mutations,truncated,reconsturction,kl,model_score,elbo_std,score,bitscore,evalue,pident,ppos,qcovs,rmsd,foldability,foldability_var,foldability_min,foldability_max,foldability_adj,foldability_adj_var,foldability_adj_min,foldability_adj_max,fluctuations,fluctuations_var,fluctuations_min,fluctuations_max,fluctuations_adj,fluctuations_adj_var,fluctuations_adj_min,fluctuations_adj_max
TDGAL34,seq-8089-temperature-0.0,batch1,LDNGLARTPTMGWLHWERFMCNLDCQEEPDSCISEKLFMEMAELMVSDGWKDAGYEYLCIDDCWMAPQRDSEGRLQADPQRFPHGIRQLANYVHSKGLKLGIYADVGNKTCAGFPGSFGYYDIDAQTFADWGVDLLKFDGCYCDSLENLADGYKHMSLALNRTGRSIVYSCEWPLYMWPFQKPNYTEIRQYCNHWRNFADIDDSWKSIKSILDWTSFNQERIVDVAGPGGWNDPDMLVIGNFGLSWNQQVTQMALWAIMAAPLFMSNDLRHISPQAKALLQDKDVIAINQDPLGKQGYQLRKGDNFEVWERPLSDLAWAVAMINRQEIGGPRSYTIAVASLGKGVACNPACFITQLLPVKRKLGFYEWTSRLRSHINPTGTVLLQLEN,E48D;Q302K;G315D;c-terminal truncation,3,TRUE,34.58362198,38.05195236,72.63558197,5.709061324,2085,807,0,99.227,99.74,100,0.822,92.26655779,45.42457527,52.02,97.3,92.94542416,22.72359189,57.89,97.3,0.161102885,0.010354117,0.062388533,0.85498798,0.160521684,0.010356071,0.062388533,0.85498798
TDGAL20,seq-2791-temperature-0.0,batch1,LDNGLARTPTMGWLHWERFMCNLDCQEEPDSCISEKLFMEMAELMVSDGWKDAGYEYLCIDDCWMAPQRDSEGRLQADPQRFPHGIRQLANYVHSKGLKLGIYADVGNKTCAGFPGSFGYYDIDAQTFADWGVDLLKFDGCYCDSLENLADGYKHMSLALNRTGRSIVYSCEWPLYMWPFQKPNYTEIRQYCNHWRNFADIDDSWKSIKSILDWTSFNQERIVDVAGPGGWNDPDMLVIGNFGLSWNQQVTQMALWAIMAAPLFMSNDLRHISPQAKALLQDKDVIAINQDPLGKQGYQLRKGDNFEVWERPLSDLAWAVAMINRQEIGGPRSYTIAVASLGKGVACNPACFITQLLPVKRKLGFYEWTSRLRTHINPTGTVLLQLEN,E48D;Q302K;G315D;S374T;c-terminal truncation,4,TRUE,34.51954269,37.13369751,71.65324402,5.390047177,2083,806,0,98.969,99.74,100,0.86,92.24603015,44.28193987,52.72,97.3,92.91838046,22.05904763,59.1,97.3,0.160673794,0.01000471,0.061816844,0.825530378,0.160109422,0.010000842,0.061816844,0.825530378
TDGAL27,seq-872-temperature-0.0,batch1,LDNGLARTPTMGWLHWERFMCNLDCQEEPDSCISEKLFMEMAELMVSDGWKDAGYEYLCIDDCWMAPQRDSEGRLQADPQRFPHGIRQLANYVHSKGLKLGIYADVGNKTCAGFPGSFGYYDIDAQTFADWGVDLLKFDGCYCDSLEHLADGYKHMSLALNRTGRSIVYSCEWPLYMWPFQKPNYTEIRQYCNHWRNFADIDDSWKSIKSILDWTSFNQERIVDVAGPGGWNDPDMLVIGNFGLSWNQQVTQMALWAIMAAPLFMSNDLRHISPQAKALLQDKDVIAINQDPLGKQGYQLRKGDNFEVWERPLSDLAWAVAMINRQEIGGPRSYTIAVASLGKGVACNPACFITQLLPVKRKLGFYEWTSRLRSHINPTGTVLLQLEN,E48D;N148H;Q302K;G315D;c-terminal truncation,4,TRUE,34.1976738,37.91348267,72.11116028,5.193153818,2080,805,0,98.969,99.74,100,0.843,92.24261307,45.40176041,52.28,97.31,92.92123393,22.78663765,58.04,97.31,0.161867266,0.010979043,0.061845562,0.968138596,0.161191202,0.010983522,0.061845562,0.968138596
TDGAL30,seq-7826-temperature-0.0,batch1,LDNGLARTPTMGWLHWERFMCNLDCQEEPDSCISEKLFMEMAELMVSDGWKDAGYEYLCIDDCWMAPQRDSEGRLQADPQRFPHGIRQLANYVHSKGLKLGIYADVGNKTCAGFPGSFGYYDIDAQTFADWGVDLLKFDGCYCDSLENLADGYKHMSLALNRTGRSIVYSCEWPLYMWPFQKPNYTEIRQYCNHWRNFADIDDSWKSIKSILDWTSFNQERIVDVAGPGGWNDPDMLVIGNFGLSWNQQVTQMALWAIMAAPLFMSNDLRHISPQAKALLQDKDVIAINQDPLGKQGYQLRKGDNFEVWERPLSDLAWAVAMINRQEIGGPRSYTIAVASLGKGVACNPACFITQLLPVKRKLGFYEWTSRLKSHINPTGTVLLQLEN,E48D;Q302K;G315D;R373K;c-terminal truncation,4,TRUE,35.2358284,37.1267662,72.3625946,4.901324402,2083,806,0,98.969,99.74,100,0.85,92.18487437,48.42840238,47.29,97.3,92.87447301,24.76957169,55.41,97.3,0.160143117,0.010495387,0.061742196,0.96780464,0.159520686,0.01049464,0.061742196,0.96780464
TDGAL32,seq-8435-temperature-0.0,batch1,LDNGLARTPTMGWLHWERFMCNLDCQEEPDSCISEKLFMEMAELMVSDGWKDAGYEYLCIDDCWMAPQRDSEGRLQADPQRFPHGIRQLANYVHSKGLKLGIYADVGNKTCAGFPGSFGYYDIDAQTFADWGVDLLKFDGCYCDSLENLADGYKHMSLALNRTGRSIVYSCEWPLYMWPFHKPNYTEIRQYCNHWRNFADIDDSWKSIKSILDWTSFNQERIVDVAGPGGWNDPDMLVIGNFGLSWNQQVTQMALWAIMAAPLFMSNDLRHISPQAKALLQDKDVIAINQDPLGKQGYQLRKGDNFEVWERPLSDLAWAVAMINRQEIGGPRSYTIAVASLGKGVACNPACFITQLLPVKRKLGFYEWTSRLRSHINPTGTVLLQLEN,E48D;Q181H;Q302K;G315D;c-terminal truncation,4,TRUE,35.85512924,36.65730286,72.51243591,5.243995571,2079,805,0,98.969,99.48,100,0.877,92.19334171,46.11198755,52.17,97.31,92.87244216,23.49018345,58.16,97.31,0.163603718,0.013171079,0.062274426,1.150332799,0.163030833,0.013237169,0.062274426,1.150332799
TDGAL40,seq-8848-temperature-0.0,batch1,LDNGLARTPTMGWLHWERFMCNLDCQEEPDSCISEKLFMEMAELMVSDGWKDAGYEYLCIDDCWMAPQRDSEGRLQADPQRFPHGIRQLANYVHSKGLKLGIYADVGNKTCAGFPGSFGYYDIDAQTFADWGVDLLKFDGCYCDSLENLADGYKHMSLALNRTGRSIVYSCEWPLYMWPFQKPNYTEIRQYCNHWRNFADIDDSWKSIKSILDWTSFNQERIVDVAGPGGWNDPDMLVIGNFGLSWNQQVTQMALWAIMAAPLFMSNDLRHISPQAKALLQDKDVIAINQDPLGKQGYQLRKGDNFEVWERPLSDLAWAVAMLNRQEIGGPRSYTIAVASLGKGVACNPACFITQLLPVKRKLGFYEWTSRLRSHINPTGTVLLQLEN,E48D;Q302K;G315D;I323L;c-terminal truncation,4,TRUE,36.45306778,37.34385681,73.79692078,5.562242614,2083,806,0,98.969,99.74,100,0.887,92.42856784,45.37492414,52.08,97.46,93.11395887,22.30783119,57.74,97.46,0.161117811,0.012448034,0.061594132,1.094465171,0.160551334,0.012498524,0.061594132,1.094465171
TDGAL41,seq-8226-temperature-0.0,batch1,LDNGLARTPTMGWLHWERFMCNLDCQEEPDSCISEKLFMEMAELMVSDGWKDAGYEYLCIDDCWMAPQRDSEGRLQADPQRFPHGIRQLANYVHSKGLKLGIYADVGNKTCAGFPGSFGYYDIDAQTFADWGVDLLKFDGCYCDSLENLADGYKHMSLALNRTGRSIVYSCEWPLYMWPFQKPNYTEIRQYCNHWRNFADIDDSWKSIKSILDWTSFNQERIVDVAGPGGWNDPDMLVIGNFGLSWNQQVTQMALWAIMAAPLFMSNDLRHISPQAKALLQDKDVIAINQDPLGKQGYQLRKGDNFEVWERPLSDLAWAVAVINRQEIGGPRSYTIAVASLGKGVACNPACFITQLLPVKRKLGFYEWTSRLRSHINPTGTVLLQLEN,E48D;Q302K;G315D;M322V;c-terminal truncation,4,TRUE,36.69547653,37.29364395,73.98911285,5.42380889,2080,805,0,98.969,99.74,100,0.817,92.03628141,47.09653878,52,97.3,92.71015424,24.76920874,57.41,97.3,0.162062488,0.011569871,0.063243232,0.943248126,0.161489203,0.011598351,0.063243232,0.943248126
TDGAL46,seq-8224-temperature-0.0,batch1,LDNGLARTPTMGWLHWERFMCNVDCQEEPDSCISEKLFMEMAELMVSDGWKDAGYEYLCIDDCWMAPQRDSEGRLQADPQRFPHGIRQLANYVHSKGLKLGIYADVGNKTCAGFPGSFGYYDIDAQTFADWGVDLLKFDGCYCDSLENLADGYKHMSLALNRTGRSIVYSCEWPLYMWPFQKPNYTEIRQYCNHWRNFADIDDSWKSIKSILDWTSFNQERIVDVAGPGGWNDPDMLVIGNFGLSWNQQVTQMALWAIMAAPLFMSNDLRHISPQAKALLQDKDVIAINQDPLGKQGYQLRQGDNFEVWERPLSDLAWAVAMINRQEIGGPRSYTIAVASLGKGVACNPGCFITQLLPVKRKLGFYEWTSRLRSHINPTGTVLLQLEN,L23V;E48D;G315D;A350G;c-terminal truncation,4,TRUE,38.03020096,37.58752441,75.61773682,5.398140092,2080,805,0,98.969,99.48,100,0.863,92.04967337,51.63800166,50.75,97.28,92.73601542,28.46560341,51.88,97.28,0.158985865,0.009591357,0.061784462,0.822088741,0.158323058,0.009580319,0.061784462,0.822088741
TDGAL13,seq-555-temperature-0.0,batch1,LDNGLARTPTMGWLHWERFMCNLDCQEEPDSCISEKLFMEMAELMVSDGWKDAGYEYLCIDDCWMAPQRDSEGRLQADPQRFPHGIRQLANYVHSKGLKLGIYADVGNKTCAGFPGSFGYYDIDAQTFADWGVDLLKFDGCYCDSLEHLADGYKHMSLALNRTGRSIVYSCEWPLYMWPFQKPNYTEIRQYCNHWRNFADIDDSWKSIKSILDWTSFNQERIVDVAGPGGWNDPDMLVIGNFGLSWNQQVTQMALWAIMAAPLFMSNDLRHISPQAKALLQDKDVIAINQDPLGKQGYQLRKGDNFEVWERPLSDLAWAVAMINRQEIGGPRSYTIAVASLGKGVACNPACFITQLLPVKRKLGFYEWTSRLRTHINPTGTVLLQLEN,E48D;N148H;Q302K;G315D;S374T;c-terminal truncation,5,TRUE,33.28177643,36.98408508,70.26586151,4.986436805,2078,805,0,98.711,99.74,100,0.837,92.21655779,44.44146394,52.83,97.31,92.88930591,22.24109771,59.14,97.31,0.161307043,0.01077273,0.062416468,0.93409679,0.160698742,0.010781861,0.062416468,0.93409679
TDGAL14,seq-968-temperature-0.0,batch1,LDNGLARTPTMGWLHWERFMCNLDCQEEPDSCISEKLFMEMAELMVSDGWKDAGYEYLCIDDCWMAPQRDSEGRLQADPQRFPHGIRQLANYVHSKGLKLGIYADVGNKTCAGFPGSFGYYDIDAQTFADWGVDLLKFDGCYCDSLEHLADGYKHMSLALNRTGRSIVYSCEWPLYMWPFQKPNYTEIRQYCNHWRNFADIDDSWKSIKSILDWTSFNQERIVDVAGPGGWNDPDMLVIGNFGLSWNQQVTQMALWAIMAAPLFMSNDLRHISPQAKALLQDKDVIAINQDPLGKQGYQLRKGDNFEVWERPLSDLAWAVAMINRQEIGGPRSYTIAVASLGKGVACNPACFITQLLPVKRKLGFYEWTSRLRSHINPTGTVLLRLEN,E48D;N148H;Q302K;G315D;Q385R;c-terminal truncation,5,TRUE,33.22238922,37.45025253,70.67264557,5.3604753,2076,804,0,98.711,99.74,100,0.918,92.2860804,44.602772,52.34,97.29,92.96560411,21.94739274,58.41,97.29,0.161008296,0.012643848,0.061143459,1.158974986,0.160537579,0.012726159,0.061143459,1.158974986
TDGAL15,seq-7932-temperature-0.0,batch1,LDNGLARTPTMGWLHWERFMCNLDCQEEPDSCISEKLFMEMAELMVSDGWKDAGYEYLCIDDCWMAPQRDSEGRLQADPQRFPHGIRQLANYVHSKGLKLGIYADVGNKTCAGFPGSFGYYDIDAQTFADWGVDLLKFDGCYCDSLENLADGYKHMSLALNRTGRSIVYSCEWPLYMWPFQKPNYTEIRQYCNHWRNFADIDDSWKSIKSILDWTSFNQERIVDVAGPGGWNDPDMLVIGNFGLSWNQQVTQMALWAIMAAPLFMSNDLRHISPQAKALLQDKDVIAINQDPLGKQGYQLRKGDNFEVWERPLSDLAWAVAMINRQEIGGPRSYTIAVASLGKGVACNPACFITQLLPVKRKLGFYEWTSRLKSHINPTGTVLLRLEN,E48D;Q302K;G315D;R373K;Q385R;c-terminal truncation,5,TRUE,34.00592804,36.73232269,70.73825836,5.196777701,2079,805,0,98.711,99.74,100,0.928,92.31595477,44.44228813,52.26,97.28,92.99385604,21.80015416,58.3,97.28,0.157649021,0.010241827,0.060570357,0.964680726,0.157109981,0.010263888,0.060570357,0.964680726
TDGAL16,seq-6915-temperature-0.0,batch1,LDNGLARTPTMGWLHWERFMCNLDCQEEPDSCISEKLFMQMAELMVSDGWKDAGYEYLCIDDCWMAPQRDSEGRLQADPQRFPHGIRQLANYVHSKGLKLGIYADVGNKTCAGFPGSFGYYDIDAQTFADWGVDLLKFDGCYCDSLENLADGYKHMSLALNRTGRSIVYSCEWPLYMWPFQKPNYTEIRQYCNHWRNFADIDDSWKSIKSILDWTSFNQERIVDVAGPGGWNDPDMLVIGNFGLSWNQQVTQMALWAIMAAPLFMSNDLRHISPQAKALLQDKDVIAINQDPLGKQGYQLRKGDNFEVWERPLSDLAWAVAMINRQEIGGPRSYTIAVASLGKGVACNPACFITQLLPVKRKLGFYEWTSRLRTHINPTGTVLLQLEN,E40Q;E48D;Q302K;G315D;S374T;c-terminal truncation,5,TRUE,33.58630371,37.1647377,70.7510376,4.795198987,2079,805,0,98.711,99.74,100,0.829,92.25123116,43.90330503,52.74,97.31,92.91984576,21.86282266,59.13,97.31,0.160716465,0.010220454,0.062591421,0.830564236,0.16014328,0.010219738,0.062591421,0.830564236
TDGAL17,seq-2451-temperature-0.0,batch1,LDNGLARTPTMGWLHWERFMCNLDCQEEPDSCISEKLFMEMAELMVSDGWKDAGYEYLCIDDCWMAPQRDSEGRLQADPQRFPHGIRQLANYVHSKGLKLGIYADVGNKTCAGFPGSFGYYDIDAQTFADWGVDLLKFDGCYCDSLEHLADGYKHMSLALNRTGRSIVYSCEWPLYMWPFQKPNYTEIRQYCNHWRNFADIDDSWKSIKSILDWTSFNQERIVDVAGPGGWNDPDMLVIGNFGLSWNQQVTQMALWAIMAAPLFMSNDLRHISPQAKALLQDKDVIAINQDPLGKQGYQLRKGDNFEVWERPLSDLAWAVAMINRQEIGGPRSYTIAVASLGKGVACNPACFITQLLPVKRKLGFYEWTSRLKSHINPTGTVLLQLEN,E48D;N148H;Q302K;G315D;R373K;c-terminal truncation,5,TRUE,34.10189056,36.9800415,71.08193207,5.622895434,2077,804,0,98.711,99.74,100,0.89,92.14655779,48.98172389,47.41,97.3,92.84192802,24.96470993,55.62,97.3,0.160653391,0.010328868,0.061703775,0.961177878,0.160045528,0.010326658,0.061703775,0.961177878
TDGAL18,seq-1693-temperature-0.0,batch1,LDNGLARTPTMGWLHWERFMCNLDCQEEPDSCISEKLFMEMAELMVSDGWKDAGYEYLCIDDCWMAPQRDSEGRLQADPQRFPHGIRQLANYVHSKGLKLGIYADVGNKTCAGFPGSFGYYDIDAQTFADWGVDLLKFDGCYCDSLEHLADGYKHMSLALNRTGRSIVYSCEWPLYMWPFQKPNYTEIRQYCNHWRNFADIDDSWQSIKSILDWTSFNQERIVDVAGPGGWNDPDMLVIGNFGLSWNQQVTQMALWAIMAAPLFMSNDLRHISPQAKALLQDKDVIAINQDPLGKQGYQLRKGDNFEVWERPLSDLAWAVAMINRQEIGGPRSYTIAVASLGKGVACNPACFITQLLPVKRKLGFYEWTSRLRSHINPTGTVLLQLEN,E48D;N148H;K206Q;Q302K;G315D;c-terminal truncation,5,TRUE,34.47168732,36.70853806,71.18023682,5.101933071,2077,804,0,98.711,99.74,100,0.829,92.25753769,45.14789619,52.32,97.32,92.93670951,22.49145461,58.12,97.32,0.162407309,0.012664,0.062444496,1.194377438,0.161828962,0.012716551,0.062444496,1.194377438
TDGAL19,seq-539-temperature-0.0,batch1,LDNGLARTPTMGWLHWERFMCNLDCQEEPDSCISEKLFMQMAELMVSDGWKDAGYEYLCIDDCWMAPQRDSEGRLQADPQRFPHGIRQLANYVHSKGLKLGIYADVGNKTCAGFPGSFGYYDIDAQTFADWGVDLLKFDGCYCDSLEHLADGYKHMSLALNRTGRSIVYSCEWPLYMWPFQKPNYTEIRQYCNHWRNFADIDDSWKSIKSILDWTSFNQERIVDVAGPGGWNDPDMLVIGNFGLSWNQQVTQMALWAIMAAPLFMSNDLRHISPQAKALLQDKDVIAINQDPLGKQGYQLRKGDNFEVWERPLSDLAWAVAMINRQEIGGPRSYTIAVASLGKGVACNPACFITQLLPVKRKLGFYEWTSRLRSHINPTGTVLLQLEN,E40Q;E48D;N148H;Q302K;G315D;c-terminal truncation,5,TRUE,33.44140625,37.91459274,71.35600281,4.838243287,2076,804,0,98.711,99.74,100,0.905,92.25444724,44.89898042,52.29,97.32,92.92861183,22.48214601,58.06,97.32,0.1595338,0.010404047,0.062011346,0.970457603,0.158952192,0.01041439,0.062011346,0.970457603
TDGAL21,seq-8208-temperature-0.0,batch1,LDNGLARTPTMGWLHWERFMCNLDCQEEPDSCISEKLFMEMAELMVSDGWKDAGYEYLCIDDCWMAPQRDSEGRLQADPQRFPHGIRQLANYVHSKGLKLGIYADVGNKTCAGFPGSFGYYDIDAQTFADWGVDLLKFDGCYCDSLEHLADGYKHMSLALNRTGRSIVYSCEWPLYMWPFQKPNYTEIRQYCNHWRNFADIDDSWKSIKSILDWTSFNQERIVDVAGPGGWNDPDMLVIGNFGLSWDQQVTQMALWAIMAAPLFMSNDLRHISPQAKALLQDKDVIAINQDPLGKQGYQLRKGDNFEVWERPLSDLAWAVAMINRQEIGGPRSYTIAVASLGKGVACNPACFITQLLPVKRKLGFYEWTSRLRSHINPTGTVLLQLEN,E48D;N148H;N247D;Q302K;G315D;c-terminal truncation,5,TRUE,34.49562454,37.24168777,71.73731232,5.216266256,2075,803,0,98.711,99.74,100,0.849,92.21919598,48.63732731,49.22,97.3,92.91766067,24.5196525,55.63,97.3,0.162123218,0.012092054,0.0619085,1.128066328,0.161591978,0.012136021,0.0619085,1.128066328
TDGAL22,seq-7810-temperature-0.0,batch1,LDNGLARTPTMGWLHWERFMCNLDCQEEPDSCISEKLFMEMAELMVSDGWKDAGYEYLCIDDCWMAPQRDSEGRLQADPQRFPHGIRQLANYVHSKGLKLGIYADVGNKTCAGFPGSFGYYDIDAQTFADWGVDLLKFDGCYCDSLEKLADGYKHMSLALNRTGRSIVYSCEWPLYMWPFQKPNYTEIRQYCNHWRNFADIDDSWKSIKSILDWTSFNQERIVDVAGPGGWNDPDMLVIGNFGLSWNQQVTQMALWAIMAAPLFMSNDLRHISPQAKALLQDKDVIAINQDPLGKQGYQLRKGDNFEVWERPLSDLAWAVAMINRQEIGGPRSYTIAVASLGKGVACNPACFITQLLPVKRKLGFYEWTSRLRSHINPTGTVLLRLEN,E48D;N148K;Q302K;G315D;Q385R;c-terminal truncation,5,TRUE,34.53756332,37.25208664,71.78964996,4.962982461,2076,804,0,98.711,99.48,100,0.855,92.28163317,44.38249027,52.41,97.28,92.96061697,21.76493209,58.44,97.28,0.160353704,0.01035053,0.062778202,0.836679174,0.159750082,0.010344617,0.062778202,0.836679174
TDGAL23,seq-8864-temperature-0.0,batch1,LDNGLARTPTMGWLHWERFMCNLDCQEEPDSCISEKLFMEMAELMVSDGWKDAGYEYLCIDDCWMAPQRDSEGRLQADPQRFPHGIRQLANYVHSKGLKLGIYADVGNKTCAGFPGSFGYYDIDAQTFADWGVDLLKFDGCYCDSLEHLADGYKHMSLALNRTGRSIVYSCEWPLYMWPFQKPNYTEIRQYCNHWRNFADIDDSWKSIKSILDWTSFNQERIVDVAGPGGWNDPDMLVIGNFGLSWNQQVTQMALWAIMAAPLFMSNDLRHISPQAKALLQDKDVIAINQDPLGKQGYQLRKGDNFEVWERPLSNLAWAVAMINRQEIGGPRSYTIAVASLGKGVACNPACFITQLLPVKRKLGFYEWTSRLRSHINPTGTVLLRLEN,E48D;N148H;Q302K;G315N;Q385R;c-terminal truncation,5,TRUE,34.69801331,37.17955399,71.87755585,5.03593193,2076,804,0,98.711,99.74,100,0.798,92.36934673,37.97569176,54.9,97.29,92.99912596,18.918058,65.45,97.29,0.160669128,0.010424483,0.063001367,0.837360162,0.160263378,0.010473437,0.063001367,0.837360162
TDGAL24,seq-7145-temperature-0.0,batch1,LDNGLARTPTMGWLHWERFMCNVDCQEEPDSCISEKLFMEMAELMVSDGWKDAGYEYLCIDDCWMAPQRDSEGRLQADPQRFPHGIRQLANYVHSKGLKLGIYADVGNKTCAGFPGSFGYYDIDAQTFADWGVDLLKFDGCYCDSLENLADGYKHMSLALNRTGRSIVYSCEWPLYMWPFQKPNYTEIRQYCNHWRNFADIDDSWKSIKSILDWTSFNQERIVDVAGPGGWNDPDMLVIGNFGLSWNQQVTQMALWAIMAAPLFMSNDLRHISPQAKALLQDKDVIAINQDPLGKQGYQLRKGDNFEVWERPLSDLAWAVAMINRQEIGGPRSYTIAVASLGKGVACNPACFITQLLPVKRKLGFYEWTSRLRSHINPTGTVLLRLEN,L23V;E48D;Q302K;G315D;Q385R;c-terminal truncation,5,TRUE,35.05426788,36.83364105,71.88791656,5.54566778,2077,804,0,98.711,99.74,100,0.915,92.28419598,44.45523096,52.24,97.28,92.96267352,21.81542273,58.35,97.28,0.160730019,0.012359551,0.061227035,1.14380038,0.160232165,0.012434531,0.061227035,1.14380038
TDGAL25,seq-3976-temperature-0.0,batch1,LDNGLARTPTMGWLHWERFMCNLDCQEEPDSCISEKLFMEMAELMVSDGWKDAGYEYLCIDDCWMAPQRDSEGRLQADPQRFPHGIRQLANYVHSKGLKLGIYADVGNKTCAGFPGSFGYYDIDAQTFADWGVDLLKFDGCYCDSLEHLADGYKHMSLALNRTGRSIVYSCEWPLYMWPFHKPNYTEIRQYCNHWRNFADIDDSWKSIKSILDWTSFNQERIVDVAGPGGWNDPDMLVIGNFGLSWNQQVTQMALWAIMAAPLFMSNDLRHISPQAKALLQDKDVIAINQDPLGKQGYQLRKGDNFEVWERPLSDLAWAVAMINRQEIGGPRSYTIAVASLGKGVACNPACFITQLLPVKRKLGFYEWTSRLRSHINPTGTVLLQLEN,E48D;N148H;Q181H;Q302K;G315D;c-terminal truncation,5,TRUE,35.47351837,36.50664139,71.98015594,5.51525353,2076,804,0,98.711,99.48,100,0.851,92.18635678,46.03285647,52.1,97.32,92.8681491,23.26730327,58.18,97.32,0.161920297,0.010946179,0.06231664,0.857385146,0.161330572,0.010959342,0.06231664,0.857385146
TDGAL26,seq-4421-temperature-0.0,batch1,LDNGLARTPTMGWLHWERFMCNLDCQEEPDSCISEKLFMEMAELMVSDGWKDAGYEYLCIDDCWMAPQRDSEGRLQADPQRFPHGIRQLANYVHSKGLKLGIYADVGNKTCAGFPGSFGYYDIDAQTFADWGVDLLKFDGCYCDSLEHLADGYKHMSLALNRTGRSIVYSCEWPLYMWPFQKPNYTEIRQYCNHWRNFADIDDSWKSIKSILDWTSFNQERIVDVAGPGGWNDPDMLVIGNFGLSWNQQVTQMALWAIMAAPLFMSNDLRHISPQAKALLQDKDVIAINQDPLGKQGYQLRKGDNFEVWERPLSDLAWAVAMINRQEIGGPRSYTIAIASLGKGVACNPACFITQLLPVKRKLGFYEWTSRLRSHINPTGTVLLQLEN,E48D;N148H;Q302K;G315D;V338I;c-terminal truncation,5,TRUE,33.8235054,38.2424202,72.0659256,5.138295608,2079,805,0,98.711,99.74,100,0.871,92.09701005,49.66061497,48.51,97.31,92.79264781,25.68830818,55.51,97.31,0.160542552,0.010360713,0.061734103,0.968744848,0.159929111,0.010355668,0.061734103,0.968744848
TDGAL28,seq-6229-temperature-0.0,batch1,LDNGLARTPTMGWLHWERFMCNLDCQEEPDSCISEKLFMQMAELMVSDGWKDAGYEYLCIDDCWMAPQRDSEGRLQADPQRFPHGIRQLANYVHSKGLKLGIYADVGNKTCAGFPGSFGYYDIDAQTFADWGVDLLKFDGCYCDSLENLADGYKHMSLALNRTGRSIVYSCEWPLYMWPFHKPNYTEIRQYCNHWRNFADIDDSWKSIKSILDWTSFNQERIVDVAGPGGWNDPDMLVIGNFGLSWNQQVTQMALWAIMAAPLFMSNDLRHISPQAKALLQDKDVIAINQDPLGKQGYQLRQGDNFEVWERPLSDLAWAVAMINRQEIGGPRSYTIAVASLGKGVACNPACFITQLLPVKRKLGFYEWTSRLRSHINPTGTVLLRLEN,E40Q;E48D;Q181H;G315D;Q385R;c-terminal truncation,5,TRUE,35.14603043,36.96669006,72.11271667,4.945943761,2075,803,0,98.711,99.48,100,0.885,92.16261307,46.26922338,51.96,97.27,92.84005141,23.62525257,57.59,97.27,0.159955062,0.010244581,0.062378697,0.859951052,0.159369749,0.010243574,0.062378697,0.859951052
TDGAL29,seq-8280-temperature-0.0,batch1,LDNGLARTPTMGWLHWERFMCNLDCQEEPDSCISEKLFMEMAELMVSDGWKDAGYEYLCIDDCWMAPQRDSEGRLQADPQRFPHGIRQLANYVHSKGLKLGIYADVGNKTCAGFPGSFGYYDIDAQTFADWGVDLLKFDGCYCDSVENLADGYKHMSLALNRTGRSIVYSCEWPLYMWPFQKPNYTEIRQYCNHWRNFADIDDSWKSIKSILDWTSFNQERIVDVAGPGGWNDPDMLVIGNFGLSWNQQVTQMALWAIMAAPLFMSNDLRHISPQAKALLQDKDVIAINQDPLGKQGYQLRQGDNFEVWERPLSDLAWAVAMINRQEIGGPRSYTIAVASLGKGVACNPACFITQLLPVKRKLGFYEWTSRLKTHINPTGTVLLQLEN,E48D;L146V;G315D;R373K;S374T;c-terminal truncation,5,TRUE,35.58039093,36.69485855,72.27524567,4.825393384,2081,806,0,98.711,99.74,100,0.832,91.98698492,48.03717527,52.08,97.3,92.66239075,25.6572404,58.32,97.3,0.160962208,0.010949333,0.062897942,1.053573818,0.160329596,0.010958097,0.062897942,1.053573818
TDGAL31,seq-6736-temperature-0.0,batch1,LDNGLARTPTMGWLHWERFMCNVDCQEEPDSCISEKLFMEMAELMVSDGWKDAGYEYLCIDDCWMAPQRDSEGRLQADPQRFPHGIRQLANYVHSKGLKLGIYADVGNKTCAGFPGSFGYYDIDAQTFADWGVDLLKFDGCYCDSLENLADGYKHMSLALNRTGRSIVYSCEWPLYMWPFQKPNYTEIRQYCNHWRNFADIDDSWKSIKSILDWTSFNQERIVDVAGPGGWNDPDMLVIGNFGLSWNQQVTQMALWAIMAAPLFMSNDLRHISPQAKALLQDKDVIAINQDPLGKQGYQLRKGDNFEVWERPLSDLAWAVAMINRQEIGGPRSYTIAVASLGKGVACNPACFITQLLPVKRKLGFYEWTSRLKSHINPTGTVLLQLEN,L23V;E48D;Q302K;G315D;R373K;c-terminal truncation,5,TRUE,35.9367218,36.44488525,72.38160706,5.383081522,2079,805,0,98.711,99.74,100,0.834,92.14188442,48.73542692,47.11,97.29,92.83275064,25.009487,55.2,97.29,0.160281329,0.010060391,0.062085266,0.835996955,0.159633803,0.010049127,0.062085266,0.835996955
TDGAL33,seq-3386-temperature-0.0,batch1,LDNGLARTPTMGWLHWERFMCNVDCQEEPDSCISEKLFMEMAELMVSDGWKDAGYEYLCIDDCWMAPQRDSEGRLQADPQRFPHGIRQLANYVHSKGLKLGIYADVGNKTCAGFPGSFGYYDIDAQTFADWGVDLLKFDGCYCDSLEHLADGYKHMSLALNRTGRSIVYSCEWPLYMWPFQKPNYTEIRQYCNHWRNFADIDDSWKSIKSILDWTSFNQERIVDVAGPGGWNDPDMLVIGNFGLSWNQQVTQMALWAIMAAPLFMSNDLRHISPQAKALLQDKDVIAINQDPLGKQGYQLRKGDNFEVWERPLSDLAWAVAMINRQEIGGPRSYTIAVASLGKGVACNPACFITQLLPVKRKLGFYEWTSRLRSHINPTGTVLLQLEN,L23V;E48D;N148H;Q302K;G315D;c-terminal truncation,5,TRUE,35.32292938,37.25664902,72.57958221,6.16975122,2077,804,0,98.711,99.74,100,0.875,92.21158291,45.52306676,52.17,97.3,92.89172237,22.82083543,57.98,97.3,0.162383714,0.012926342,0.062054671,1.184932347,0.161829626,0.012991942,0.062054671,1.184932347
TDGAL35,seq-5950-temperature-0.0,batch1,LDNGLARTPTMGWLHWERFMCNVDCQEEPDSCISEKLFMEMAELMVSDGWKDAGYEYLCIDDCWMAPQRDSEGRLQADPQRFPHGIRQLANYVHSKGLKLGIYADVGNKTCAGFPGSFGYYDIDAQTFADWGVDLLKFDGCYCDSLENLADGYKHMSLALNRTGRSIVYSCEWPLYMWPFQKPNYTEIRQYCNHWRNFADIDDSWQSIKSILDWTSFNQERIVDVAGPGGWNDPDMLVIGNFGLSWNQQVTQMALWAIMAAPLFMSNDLRHISPQAKALLQDKDVIAINQDPLGKQGYQLRKGDNFEVWERPLSDLAWAVAMINRQEIGGPRSYTIAVASLGKGVACNPACFITQLLPVKRKLGFYEWTSRLRSHINPTGTVLLQLEN,L23V;E48D;K206Q;Q302K;G315D;c-terminal truncation,5,TRUE,36.49009323,36.22426605,72.7143631,5.636871769,2077,804,0,98.711,99.74,100,0.796,92.17856784,48.12770349,49.38,97.29,92.87362468,24.18363193,55.94,97.29,0.161883434,0.010796202,0.062720396,0.846008419,0.161236226,0.010794181,0.062720396,0.846008419
TDGAL36,seq-4852-temperature-0.0,batch1,LDNGLARTPTMGWLHWERFMCNLDCQEEPDSCISEKLFMEMAELMVSDGWKDAGYEYLCIDDCWMAPQRDSEGRLQADPQRFPHGIRQLANYVHSKGLKLGIYADVGNKTCAGFPGSFGYYDIDAQTFADWGVDLLKFDGCYCDSLEHLADGYKHMSLALNRTGRSIVYSCEWPLYMWPFQKPNYTEIRQYCNHWRNFADIDDSWKSIKSILDWTSFNQERIVDVAGPGGWNDPDMLVIGNFGLSWNQQVTQMALWAIMAAPLFMSNDLRHISPQAKALLQDKDVIAINQDPLGKQGYQLRKGDNFEVWERPLSNLAWAVAMINRQEIGGPRSYTIAIASLGKGVACNPACFITQLLPVKRKLGFYEWTSRLRSHINPTGTVLLQLEN,E48D;N148H;Q302K;G315N;V338I;c-terminal truncation,5,TRUE,35.34957504,37.91116333,73.26074219,5.332652336,2080,805,0,98.711,99.74,100,0.815,92.21899497,44.2167879,53.44,97.31,92.8888946,22.33677377,59.74,97.31,0.16130019,0.01049376,0.062681382,0.849039782,0.160741086,0.01052082,0.062681382,0.849039782
TDGAL37,seq-7511-temperature-0.0,batch1,LDNGLARTPTMGWLHWERFMCNLDCQEEPDSCISEKLFMEMAELMVSDGWKDAGYEYLCIDDCWMAPQRDSEGRLQADPQRFPHGIRQLANYVHSKGLKLGIYADVGNKTCAGFPGSFGYYDIDAQTFADWGVDLLKFDGCYCDSLEHLADGYKHMSLALNRTGRSIVYSCEWPLYMWPFQKPNYTEIRQYCNHWRNFADIDDSWKSIKSILDWTSFNQERIVDVAGPGGWNDPDMLVIGNFGLSWNQQVTQMALWAIMAAPLFMSNDLRHISPQAKALLQDKDVIAINQDPLGKQGYQLRKGDNFEVWERPLSDLAWAVAMLNRQEIGGPRSYTIAVASLGKGVACNPACFITQLLPVKRKLGFYEWTSRLRSHINPTGTVLLQLEN,E48D;N148H;Q302K;G315D;I323L;c-terminal truncation,5,TRUE,36.14793015,37.22042847,73.36836243,6.035224395,2078,805,0,98.711,99.74,100,0.875,92.40309045,45.45737204,52.17,97.47,93.08922879,22.40201951,57.83,97.47,0.161413037,0.012253605,0.061436795,1.116529474,0.160844732,0.012297767,0.061436795,1.116529474
TDGAL38,seq-8751-temperature-0.0,batch1,LDNGLARTPTMGWLHWERFMCNVDCQEEPDSCISEKLFMEMAELMVSDGWKDAGYEYLCIDDCWMAPQRDSEGRLQADPQRFPHGIRQLANYVHSKGLKLGIYADVGNKTCAGFPGSFGYYDIDAQTFADWGVDLLKFDGCYCDSLEKLADGYKHMSLALNRTGRSIVYSCEWPLYMWPFQKPNYTEIRQYCNHWRNFADIDDSWKSIKSILDWTSFNQERIVDVAGPGGWNDPDMLVIGNFGLSWNQQVTQMALWAIMAAPLFMSNDLRHISPQAKALLQDKDVIAINQDPLGKQGYQLRKGDNFEVWERPLSDLAWAVAMINRQEIGGPRSYTIAVASLGKGVACNPACFITQLLPVKRKLGFYEWTSRLRSHINPTGTVLLQLEN,L23V;E48D;N148K;Q302K;G315D;c-terminal truncation,5,TRUE,36.39458466,37.18000412,73.57459259,5.509967618,2077,804,0,98.711,99.48,100,0.823,92.20595477,45.25805337,52.04,97.3,92.88596401,22.57332001,58.19,97.3,0.160645739,0.010378303,0.062196144,0.953629253,0.160031032,0.010378148,0.062196144,0.953629253
TDGAL39,seq-5704-temperature-0.0,batch1,LDNGLARTPTMGWLHWERFMCNVDCQEEPDSCISEKLFMEMAELMVSDGWKDAGYEYLCIDDCWMAPQRDSEGRLQADPQRFPHGIRQLANYVHSKGLKLGIYADVGNKTCAGFPGSFGYYDIDAQTFADWGVDLLKFDGCYCDSLEHLADGYKHMSLALNRTGRSIVYSCEWPLYMWPFQKPNYTEIRQYCNHWRNFADIDDSWKSIKSILDWTSFNQERIVDVAGPGGWNDPDMLVIGNFGLSWNQQVTQMALWAIMAAPLFMSNDLRHISPQAKALLQDKDVIAINQDPLGKQGYQLRKGDNFEVWERPLSNLAWAVAMINRQEIGGPRSYTIAVASLGKGVACNPACFITQLLPVKRKLGFYEWTSRLRSHINPTGTVLLQLEN,L23V;E48D;N148H;Q302K;G315N;c-terminal truncation,5,TRUE,36.83852005,36.87625122,73.71477509,6.072416082,2077,804,0,98.711,99.74,100,0.8,92.22992462,44.25162443,52.98,97.3,92.90616967,21.94646493,59.51,97.3,0.16053297,0.010418173,0.062642937,0.863411227,0.160066652,0.010455898,0.062642937,0.863411227
TDGAL42,seq-8565-temperature-0.0,batch1,LDNGLARTPTMGWLHWERFMCNLDCQEEPDSCISEKLFMEMAELMVSDGWKDAGYEYLCIDDCWMAPQRDSEGRLQADPQRFPHGIRQLANYVHSKGLKLGIYADVGNKTCAGFPGSFGYYDIDAQTFADWGVDLLKFDGCYCDSLEHLADGYKHMSLALNRTGRSIVYSCEWPLYMWPFQKPNYTEIRQYCNHWRNFADIDDSWKSIKSILDWTSFNQERIVDVAGPGGWNDPDMLVIGNFGLSWNQQVTQMALWAIMAAPLFMSNDLRHISPQAKALLQDKDVIAINQDPLGKQGYQLRKGDNFEVWERPLSDLAWAVAMRNRQEIGGPRSYTIAVASLGKGVACNPACFITQLLPVKRKLGFYEWTSRLRSHINPTGTVLLQLEN,E48D;N148H;Q302K;G315D;I323R;c-terminal truncation,5,TRUE,36.48859406,37.70689774,74.19548035,5.24886806,2072,802,0,98.711,99.48,100,0.879,92.15917085,47.83905246,48.33,97.32,92.85383033,23.93702112,56.91,97.32,0.160015546,0.011062885,0.062303872,1.02011005,0.159435411,0.011082377,0.062303872,1.02011005
TDGAL43,seq-7346-temperature-0.0,batch1,LDNGLARTPTMGWLHWERFMCNLDCQEEPDSCISEKLFMEMAELMVSDGWKDAGYEYLCIDDCWMAPQRDSEGRLQADPQRFPHGIRQLANYVHSKGLKLGIYADVGNKTCAGFPGSFGYYDIDAQTFADWGVDLLKFDGCYCDSLENLADGYKHMSLALNRTGRSIVYSCEWPLYMWPFQKPNYTEIRQYCNHWRNFADIDDSWKSIKSILDWTSFNQERIVDVAGPGGWNDPDMLVIGNFGLSWNQQVTQMALWAIMAAPLFMSNDLRHISPQAKALLQDKDVIAINQDPLGKQGYQLRKGDNFEVWERPLSDLAWAVAVLNRQEIGGPRSYTIAVASLGKGVACNPACFITQLLPVKRKLGFYEWTSRLRSHINPTGTVLLQLEN,E48D;Q302K;G315D;M322V;I323L;c-terminal truncation,5,TRUE,38.31610107,36.65910339,74.97520447,5.749250757,2078,805,0,98.711,99.74,100,0.867,92.16203518,47.03468225,51.98,97.41,92.84048843,24.43945569,57.43,97.41,0.159733586,0.011150013,0.062284035,0.980106983,0.159204376,0.011183587,0.062284035,0.980106983
TDGAL44,seq-3814-temperature-0.0,batch1,LDNGLARTPTMGWLHWERFMCNLDCQEEPDSCISEKLFMEMAELMVSDGWKDAGYEYLCIDDCWMAPQRDSEGRLQADPQRFPHGIRQLANYVHSKGLKLGIYADVGNKTCAGFPGSFGYYDIDAQTFADWGVDLLKFDGCYCDSLENLADGYKHMSLALNRTGRSIVYSCEWPLYMWPFHKPNYTEIRQYCNHWRNFADIDDSWKSIKSILDWTSFNQERIVDVAGPGGWNDPDMLVIGNFGLSWNQQVTQMALWAIMAAPLFMSNDLRHISPQAKALLQDKDVIAINQDPLGKQGYQLRKGDNFEVWERPLSDLAWAVAMLNRQEIGGPRSYTIAVASLGKGVACNPACFITQLLPVKRKLGFYEWTSRLRSHINPTGTVLLQLEN,E48D;Q181H;Q302K;G315D;I323L;c-terminal truncation,5,TRUE,39.03697205,35.98855591,75.02552795,6.723431825,2076,804,0,98.711,99.48,100,0.9,92.35768844,46.37365107,51.9,97.48,93.04491003,23.23984207,57.74,97.48,0.162470244,0.01272384,0.061653601,1.109418383,0.161931015,0.012780254,0.061653601,1.109418383
TDGAL45,seq-7178-temperature-0.0,batch1,LDNGLARTPTMGWLHWERFMCNLDCQEEPDSCISEKLFMEMAELMVSDGWKDAGYEYLCIDDCWMAPQRDSEGRLQADPQRFPHGIRQLANYVHSKGLKLGIYADVGNKTCAGFPGSFGYYDIDAQTFADWGVDLLKFDGCYCDSLEHLADGYKHMSLALNRTGRSIVYSCEWPLYMWPFQKPNYTEIRQYCNHWRNFADIDDSWQSIKSILDWTSFNQERIVDVAGPGGWNDPDMLVIGNFGLSWNQQVTQMALWAIMAAPLFMSNDLRHISPQAKALLQDKDVIAINQDPLGKQGYQLRKGDNFEVWERPLSGLAWAVAMLNRQEIGGPRSYTIAVASLGKGVACNPACFITQLLPVKRKLGFYEWTSRLRSHINPTGTVLLQLEN,E48D;N148H;K206Q;Q302K;I323L;c-terminal truncation,5,TRUE,39.48168564,35.69146347,75.17315674,6.30135171,2081,806,0,98.711,100,100,0.824,92.36964824,44.90541197,52.26,97.34,93.05550129,21.86021347,58.44,97.34,0.161715713,0.012501396,0.061882127,1.137558458,0.161278731,0.012590933,0.061882127,1.137558458
TDGAL1,seq-1460-temperature-0.0,batch1,LDNGLARTPTMGWLHWERFMCNLDCQEEPDSCISEKLFMEMAELMVSDGWKDAGYEYLCIDDCWMAPQRDSEGRLQADPQRFPHGIRQLANYVHSKGLKLGIYADVGNKTCAGFPGSFGYYDIDAQTFADWGVDLLKFDGCYCDSLEHLADGYKHMSLALNRTGRSIVYSCEWPLYMWPFQKPNYTEIRQYCNHWRNFADIDDSWKSIKSILDWTSFNQERIVDVAGPGGWNDPDMLVIGNFGLSWNQQVTQMALWAIMAAPLFMSNDLRHISPQAKALLQDKDVIAINQDPLGKQGYQLRKGDNFEVWERPLSDLAWAVAMINRQEIGGPRSYTIAVASLGKGVACNPACFITQLLPVKRKLGFYEWTSRLRTHINPTGTVLLRLEN,E48D;N148H;Q302K;G315D;S374T;Q385R;c-terminal truncation,6,TRUE,32.79879379,36.60128784,69.40007782,4.459091821,2075,803,0,98.454,99.74,100,0.865,92.21585427,43.61679612,52.63,97.29,92.88565553,21.6546968,59.88,97.29,0.160333551,0.011175291,0.060584925,0.964236799,0.159921394,0.011230019,0.060584925,0.964236799
TDGAL2,seq-481-temperature-0.0,batch1,LDNGLARTPTMGWLHWERFMCNLDCQEEPDSCISEKLFMEMAELMVSDGWKDAGYEYLCIDDCWMAPQRDSEGRLQADPQRFPHGIRQLANYVHSKGLKLGIYADVGNKTCAGFPGSFGYYDIDAQTFADWGVDLLKFDGCYCDSLEHLADGYKHMSLALNRTGRSIVYSCEWPLYMWPFQKPNYTEIRQYCNHWRNFADIDDSWKSIKSILDWTSFNQERIVDVAGPGGWNDPDMLVIGNFGLSWNQQVTQMALWAIMAAPLFMSNDLRHISPQAKALLQDKDVIAINQDPLGKQGYQLRKGDNFEVWERPLSDLAWAVAMINRQEIGGPRSYTISVASLGKGVACNPACFITQLLPVKRKLGFYEWTSRLRTHINPTGTVLLQLEN,E48D;N148H;Q302K;G315D;A337S;S374T;c-terminal truncation,6,TRUE,33.5572052,35.92446136,69.48167419,5.224432625,2077,804,0,98.454,99.74,100,0.88,92.16698492,45.0595521,52.89,97.31,92.84007712,22.89234304,58.97,97.31,0.161736627,0.011462236,0.062226985,0.98525386,0.161135919,0.011485892,0.062226985,0.98525386
TDGAL3,seq-1670-temperature-0.0,batch1,LDNGLARTPTMGWLHWERFMCNLDCQEEPDSCISEKLFMEMAELMVSDGWKDAGYEYLCIDDCWMAPQRDSEGRLQADPQRFPHGIRQLANYVHSKGLKLGIYADVGNKTCAGFPGSFGYYDIDAQTFADWGVDLLKFDGCYCDSLEHLADGYKHMSLALNRTGRSIVYSCEWPLYMWPFQKPNYTEIRQYCNHWRNFADIDDSWKSIKSILDWTSFNQERIVDVAGPGGWNDPDMLVIGNFGLSWNQQVTQMALWAIMAAPLFMSNDLRHISPQAKALLQDKDVIAINQDPLGKQGYQLRKGDNFEVWERPLSDLAWAVAMINRQEIGGPRSYTISVASLGKGVACNPACFITQLLPVKRKLGFYEWTSRLRSHINPTGTVLLRLEN,E48D;N148H;Q302K;G315D;A337S;Q385R;c-terminal truncation,6,TRUE,33.28023911,36.32131958,69.60155487,5.028718109,2073,803,0,98.454,99.74,100,0.899,92.25449749,45.07318098,52.36,97.29,92.93419023,22.41809657,58.24,97.29,0.159946863,0.010753072,0.061693312,0.96005056,0.159518078,0.010800479,0.061693312,0.96005056
TDGAL4,seq-6722-temperature-0.0,batch1,LDNGLARTPTMGWLHWERFMCNLDCQEEPDSCISEKLFMEMAELMVSDGWKDAGYEYLCIDDCWMAPQRDSEGRLQADPQRFPHGIRQLANYVHSKGLKLGIYADVGNKTCAGFPGSFGYYDIDAQTFADWGVDLLKFDGCYCDSLENLADGYKHMSLALNRTGRSIVYSCEWPLYMWPFQKPNYTEIRQYCNHWRNFADIDDSWKSIKSILDWTSFNQERIVDVAGPGGWNDPDMLVIGNFGLSWNQQVTQMALWAIMAAPLFMSNDLRHISPQAKALLQDKDVIAINQDPLGKQGYQLRKGDNFEVWERPLSDLAWAVAMINRQEIGGPRSYTIAVASLGKGVACNPACFITQLLPVKRKLGFYEWTSRLKTHINPTGTVLLRLEN,E48D;Q302K;G315D;R373K;S374T;Q385R;c-terminal truncation,6,TRUE,33.5815773,36.04634476,69.62792969,4.801056442,2076,804,0,98.454,99.74,100,0.861,92.24474874,43.69217261,52.46,97.29,92.91431877,21.64770398,59.58,97.29,0.160554964,0.011126449,0.060976743,0.949414495,0.160152018,0.011184855,0.060976743,0.949414495
TDGAL5,seq-541-temperature-0.0,batch1,LDNGLARTPTMGWLHWERFMCNLDCQEEPDSCISEKLFMQMAELMVSDGWKDAGYEYLCIDDCWMAPQRDSEGRLQADPQRFPHGIRQLANYVHSKGLKLGIYADVGNKTCAGFPGSFGYYDIDAQTFADWGVDLLKFDGCYCDSLEHLADGYKHMSLALNRTGRSIVYSCEWPLYMWPFQKPNYTEIRQYCNHWRNFADIDDSWKSIKSILDWTSFNQERIVDVAGPGGWNDPDMLVIGNFGLSWNQQVTQMALWAIMAAPLFMSNDLRHISPQAKALLQDKDVIAINQDPLGKQGYQLRKGDNFEVWERPLSDLAWAVAMINRQEIGGPRSYTIAVASLGKGVACNPACFITQLLPVKRKLGFYEWTSRLRSHINPTGTVLLRLEN,E40Q;E48D;N148H;Q302K;G315D;Q385R;c-terminal truncation,6,TRUE,32.17974472,37.4513588,69.63109589,4.901663118,2072,802,0,98.454,99.74,100,0.865,92.29811558,44.02774682,52.4,97.28,92.97226221,21.63629075,58.49,97.28,0.160470433,0.011783719,0.062057108,1.148321339,0.159910375,0.011823623,0.062057108,1.148321339
TDGAL6,seq-7111-temperature-0.0,batch1,LDNGLARTPTMGWLHWERFMCNLDCQEEPDSCISEKLFMEMAELMVSDGWKDAGYEYLCIDDCWMAPQRDSEGRLQADPQRFPHGIRQLANYVHSKGLKLGIYADVGNKTCAGFPGSFGYYDIDAQTFADWGVDLLKFDGCYCDSLENLADGYKHMSLALNRTGRSIVYSCEWPLYMWPFQKPNYTEIRQYCNHWRNFADIDDSWKSIKSILDWTSFNQERIVDVAGPGGWNDPDMLVIGNFGLSWNQQVTQMALWAIMAAPLFMSNDLRHISPQAKALLQDKDVIAINQDPLGKQGYQLRKGDNFEVWERPLSDLAWAVAMINRQEIGGPRSYTISVASLGKGVACNPACFITQLLPVKRKLGFYEWTSRLKSHINPTGTVLLRLEN,E48D;Q302K;G315D;A337S;R373K;Q385R;c-terminal truncation,6,TRUE,34.08716583,35.64482117,69.731987,5.032099599,2074,803,0,98.454,99.74,100,0.842,92.27547739,45.11759612,52.21,97.29,92.95439589,22.43096594,58.08,97.29,0.159987918,0.010754132,0.062475364,0.971943648,0.15951157,0.010797654,0.062475364,0.971943648
TDGAL7,seq-521-temperature-0.0,batch1,LDNGLARTPTMGWLHWERFMCNLDCQEEPDSCISEKLFMEMAELMVSDGWKDAGYEYLCIDDCWMAPQRDSEGRLQADPQRFPHGIRQLANYVHSKGLKLGIYADVGNKTCAGFPGSFGYYDIDAQTFADWGVDLLKFDGCYCDSLEHLADGYKHMSLALNRTGRSIVYSCEWPLYMWPFQKPNYTEIRQYCNHWRNFADIDDSWKSIKSILDWTSFNQERIVDVAGPGGWNDPDMLVIGNFGLSWNQQVTQMALWAIMAAPLFMSNDLRHISPQAKALLQDKDVIAINQDPLGKQGYQLRKGDNFEVWERPLSDLAWAVAMINRQEIGGPRSYTIAVASLGKGVACNPACFITQLLPVKRKLGFYEWTSRLKTHINPTGTVLLQLEN,E48D;N148H;Q302K;G315D;R373K;S374T;c-terminal truncation,6,TRUE,33.5297966,36.20996094,69.73975372,4.613299262,2076,804,0,98.454,99.74,100,0.845,92.22836683,44.40640513,52.67,97.3,92.90159383,22.1389222,59.16,97.3,0.161890685,0.010758398,0.062387284,0.938257222,0.161271386,0.010762591,0.062387284,0.938257222
TDGAL8,seq-6572-temperature-0.0,batch1,LDNGLARTPTMGWLHWERFMCNLDCQEEPDSCISEKLFMQMAELMVSDGWKDAGYEYLCIDDCWMAPQRDSEGRLQADPQRFPHGIRQLANYVHSKGLKLGIYADVGNKTCAGFPGSFGYYDIDAQTFADWGVDLLKFDGCYCDSLENLADGYKHMSLALNRTGRSIVYSCEWPLYMWPFQKPNYTEIRQYCNHWRNFADIDDSWKSIKSILDWTSFNQERIVDVAGPGGWNDPDMLVIGNFGLSWNQQVTQMALWAIMAAPLFMSNDLRHISPQAKALLQDKDVIAINQDPLGKQGYQLRKGDNFEVWERPLSDLAWAVAMINRQEIGGPRSYTIAVASLGKGVACNPACFITQLLPVKRKLGFYEWTSRLRTHINPTGTVLLRLEN,E40Q;E48D;Q302K;G315D;S374T;Q385R;c-terminal truncation,6,TRUE,32.97348785,36.77082443,69.74432373,4.945509303,2076,804,0,98.454,99.74,100,0.831,92.24190955,43.08489912,52.58,97.28,92.90611825,21.35647278,59.81,97.28,0.160107923,0.010647568,0.062062816,0.939792448,0.159686613,0.010699892,0.062062816,0.939792448
TDGAL9,seq-5060-temperature-0.0,batch1,LDNGLARTPTMGWLHWERFMCNLDCQEEPDSCISEKLFMEMAELMVSDGWKDAGYEYLCIDDCWMAPQRDSEGRLQADPQRFPHGIRQLANYVHSKGLKLGIYADVGNKTCAGFPGSFGYYDIDAQTFADWGVDLLKFDGCYCDSLEHLADGYKHMSLALNRTGRSIVYSCEWPLYMWPFQKPNYTEIRQYCNHWRNFADIDDSWKSIKSILDWTSFNQERIVDVAGPGGWNDPDMLVIGNFGLSWNQQVTQMALWAIMAAPLFMSNDLRHISPQAKALLQDKDVIAINQDPLGKQGYQLRKGDNFEVWERPLSDLAWAVAMVNRQEIGGPRSYTIAVASLGKGVACNPACFITQLLPVKRKLGFYEWTSRLRTHINPTGTVLLQLEN,E48D;N148H;Q302K;G315D;I323V;S374T;c-terminal truncation,6,TRUE,33.48170853,36.44247437,69.92418671,4.835223756,2078,805,0,98.454,99.74,100,0.856,92.26464824,44.99859874,52.6,97.4,92.94164524,22.52694626,58.73,97.4,0.160726822,0.010184906,0.062399511,0.847130466,0.16008232,0.010173748,0.062399511,0.847130466
TDGAL10,seq-6464-temperature-0.0,batch1,LDNGLARTPTMGWLHWERFMCNLDCQEEPDSCISEKLFMEMAELMVSDGWKDAGYEYLCIDDCWMAPQRDSEGRLQADPQRFPHGIRQLANYVHSKGLKLGIYADVGNKTCAGFPGSFGYYDIDAQTFADWGVDLLKFDGCYCDSLEHLADGYKHMSLALNRTGRSIVYSCEWPLYMWPFQKPNYTEIRQYCNHWRNFADIYDSWKSIKSILDWTSFNQERIVDVAGPGGWNDPDMLVIGNFGLSWNQQVTQMALWAIMAAPLFMSNDLRHISPQAKALLQDKDVIAINQDPLGKQGYQLRKGDNFEVWERPLSDLAWAVAMINRQEIGGPRSYTIAVASLGKGVACNPACFITQLLPVKRKLGFYEWTSRLRTHINPTGTVLLQLEN,E48D;N148H;D202Y;Q302K;G315D;S374T;c-terminal truncation,6,TRUE,33.38786316,36.5500946,69.93795776,4.698150163,2071,802,0,98.454,99.48,100,0.774,92.21341709,44.5077762,52.88,97.31,92.88465296,22.38630278,59.06,97.31,0.163392526,0.011833819,0.063044585,1.021895015,0.162828395,0.011869292,0.063044585,1.021895015
TDGAL11,seq-586-temperature-0.0,batch1,LDNGLARTPTMGWLHWERFMCNLDCQEEPDSCISEKLFMQMAELMVSDGWKDAGYEYLCIDDCWMAPQRDSEGRLQADPQRFPHGIRQLANYVHSKGLKLGIYADVGNKTCAGFPGSFGYYDIDAQTFADWGVDLLKFDGCYCDSLEHLADGYKHMSLALNRTGRSIVYSCEWPLYMWPFQKPNYTEIRQYCNHWRNFADIDDSWKSIKSILDWTSFNQERIVDVAGPGGWNDPDMLVIGNFGLSWNQQVTQMALWAIMAAPLFMSNDLRHISPQAKALLQDKDVIAINQDPLGKQGYQLRKGDNFEVWERPLSDLAWAVAMINRQEIGGPRSYTIAVASLGKGVACNPACFITQLLPVKRKLGFYEWTSRLRTHINPTGTVLLQLEN,E40Q;E48D;N148H;Q302K;G315D;S374T;c-terminal truncation,6,TRUE,32.9931488,37.00530243,69.99845123,4.764386376,2075,803,0,98.454,99.74,100,0.825,92.23221106,43.96964296,52.84,97.32,92.90095116,21.94865451,59.15,97.32,0.161035099,0.010409368,0.062244557,0.916938307,0.160429045,0.010406718,0.062244557,0.916938307
TDGAL12,seq-5971-temperature-0.0,batch1,LDNGLARTPTMGWLHWERFMCNLDCQEEPDSCISEKLFMQMAELMVSDGWKDAGYEYLCIDDCWMAPQRDSEGRLQADPQRFPHGIRQLANYVHSKGLKLGIYADVGNKTCAGFPGSFGYYDIDAQTFADWGVDLLKFDGCYCDSLENLADGYKHMSLALNRTGRSIVYSCEWPLYMWPFQKPNYTEIRQYCNHWRNFADIDDSWKSIKSILDWTSFNQERIVDVAGPGGWNDPDMLVIGNFGLSWNQQVTQMALWAIMAAPLFMSNDLRHISPQAKALLQDKDVIAINQDPLGKQGYQLRKGDNFEVWERPLSDLAWAVAMINRQEIGGPRSYTIAVASLGKGVACNPACFITQLLPVKRKLGFYEWTSRLKSHINPTGTVLLRLEN,E40Q;E48D;Q302K;G315D;R373K;Q385R;c-terminal truncation,6,TRUE,33.2130127,36.80840683,70.02142334,5.024292908,2075,803,0,98.454,99.74,100,0.886,92.31394472,44.04449448,52.29,97.27,92.98771208,21.61179553,58.34,97.27,0.160348119,0.011907951,0.062006706,1.145779051,0.159839698,0.011960897,0.062006706,1.145779051
